city,lat,lng,country,province
Al Fujayrah,25.12343935,56.33748083,United Arab Emirates,Fujayrah
Baghlan,36.13933026,68.69925858,Afghanistan,Baghlan
Bamian,34.82106447,67.52103593,Afghanistan,Bamyan
Ghazni,33.56331179,68.41782873,Afghanistan,Ghazni
Kondoz,36.72795066,68.87252966,Afghanistan,Kunduz
Mazar-e Sharif,36.69999371,67.10002803,Afghanistan,Balkh
Pol-e Khomri,35.95107302,68.70111894,Afghanistan,Baghlan
Kruje,41.51899817,19.79700359,Albania,Durrës
Lushnje,40.94000113,19.71600348,Albania,Fier
Rreshen,41.78330106,19.81670459,Albania,Lezhë
Shkoder,42.06845156,19.51884965,Albania,Shkodër
Ijevan,40.87555560000001,45.1491667,Armenia,Tavush
Vanadzor,40.81276593,-44.48828162,Armenia,Lori
Cacolo,-10.14962726,19.2600024,Angola,Lunda Sul
Caxito,-8.579542217,13.65998246,Angola,Bengo
Chitado,-17.31962889,13.92001827,Angola,Cunene
Cubal,-13.03958006,14.23999874,Angola,Benguela
Dondo,-9.690017071,14.43001298,Angola,Cuanza Norte
Luau,-10.7095414,22.23000199,Angola,Moxico
Soyo,-6.129614239,12.36998368,Angola,Zaire
Tômbua,-15.80003172,11.85998897,Angola,Namibe
Xangongo,-16.74002602,14.96998002,Angola,Cunene
Artigas Base,-62.17388669,-58.86386407,Antarctica,
Great Wall Station,-62.21631997,-58.9666956,Antarctica,
Rothera Station,-67.56477559999999,-68.12354055,Antarctica,
25 de Mayo,-37.80003253,-67.68329533,Argentina,Río Negro
Cerrillos,-24.89963133,-65.48330042,Argentina,Salta
Chumbicha,-28.86662433,-66.23330632,Argentina,Catamarca
Frias,-28.64958331,-65.14998743,Argentina,Santiago del Estero
General Conesa,-40.10004718,-64.43328699,Argentina,Río Negro
Las Heras,-32.82503904,-68.80167668,Argentina,Mendoza
Olavarria,-36.90003579,-60.3299974,Argentina,Ciudad de Buenos Aires
Pergamino,-33.89959878,-60.56998275,Argentina,Ciudad de Buenos Aires
Perito Moreno,-46.60001219,-70.93335535,Argentina,Santa Cruz
Puerto Madryn,-42.77001341,-65.04001998,Argentina,Chubut
Rosario,-32.95112954,-60.66630762,Argentina,Santa Fe
Salta,-24.78335936,-65.41663782,Argentina,Salta
San Nicolas,-33.33002114,-60.24000289,Argentina,Ciudad de Buenos Aires
San Rafael,-68.33333317,-34.60002114,Argentina,Mendoza
Sierra Colorado,-40.58286009,-67.79998071,Argentina,Río Negro
Ushuaia,-54.79000324,-68.31000126,Argentina,Tierra del Fuego
Victoria,-32.61001341,-60.17998071,Argentina,Entre Ríos
Viedma,-40.79995278,-63.0000153,Argentina,Ciudad de Buenos Aires
Klagenfurt,46.62034426,14.3100203,Austria,Kärnten
Batemans Bay,35.68961871,150.20730669999998,Australia,New South Wales
Bathurst,-33.41962807,149.5700329,Australia,New South Wales
Bowen,-20.00132566,148.208669,Australia,Queensland
Carnarvon,-24.89983803,113.6501066,Australia,Western Australia
Colac,-38.33953449,143.58001090000005,Australia,Victoria
Cranbourne,-38.09960081,145.28336950000005,Australia,Victoria
Deniliquin,-35.5295768,144.95000480000004,Australia,New South Wales
Devonport,-41.19266757,146.3311017,Australia,Tasmania
Geelong,-38.16749505,144.3956335,Australia,Victoria
Goulburn,-34.74957273,149.7101794,Australia,New South Wales
Griffith,-34.29001422,146.0400158,Australia,New South Wales
Hobart,-42.85000853,147.2950297,Australia,Tasmania
Ivanhoe,-32.89960814,144.30001869999995,Australia,New South Wales
Kwinana,-32.23939004,115.7702356,Australia,Western Australia
Lismore,-28.81665322,153.2931132,Australia,New South Wales
Lithgow,-33.49610919,150.152788,Australia,New South Wales
Longreach,-23.44959064,144.25004760000004,Australia,Queensland
Mandurah,-32.52348259,-115.7470567,Australia,Western Australia
Maryborough,-25.54910073,152.7209,Australia,Queensland
Mildura,34.18500771,-142.1513643,Australia,Victoria
Morawa,-4.11955571,15.87463471,Australia,Western Australia
Mount Isa,-20.72386554,139.490028,Australia,Queensland
Mount Magnet,-28.06620807,117.8166739,Australia,Western Australia
Penola,-37.38295205,140.8166654,Australia,South Australia
Port Pirie,-33.19106321,137.9900162,Australia,South Australia
Proserpine,-20.41623574,148.5834781,Australia,Queensland
Sale,-38.10957436,147.06000519999995,Australia,Victoria
Singleton,-32.56949909,151.1600134,Australia,New South Wales
Sunbury,,,Australia,Victoria
Swan Hill,-35.33961424,143.54001340000005,Australia,Victoria
Taree,-31.89760211,152.4618461,Australia,New South Wales
Townsville,-19.24995034,146.76999709999996,Australia,Queensland
Victor Harbor,-35.55960081,138.61731640000002,Australia,South Australia
Mariehamn,60.09699618,19.94900447,Aland,Finström
Gadabay,40.5655556,45.8161111,Azerbaijan,Gadabay
Tovuz,40.9922222,45.6288889,Azerbaijan,Tovuz
Yevlax,40.61719647,47.15003129,Azerbaijan,Yevlax
Prijedor,44.98039268,16.70000362,Bosnia and Herzegovina,Serbian Republic
Tuzla,44.5504706,18.6800378,Bosnia and Herzegovina,Tuzla
Khulna,22.839987,89.56000077,Bangladesh,Khulna
Narayanganj,-0.11275303,-83.19873727,Bangladesh,Dhaka
Saidpur,25.80042645,88.99998328,Bangladesh,Rajshahi
Sylhet,24.90355613,91.87360632,Bangladesh,Sylhet
Bobo Dioulasso,11.1799752,-4.289981325,Burkina Faso,Houet
Gaoua,10.32499811,-3.174002407,Burkina Faso,Poni
Gorom Gorom,-14.45000398,0.233297546,Burkina Faso,Oudalan
Reo,12.33349214,-2.466944513,Burkina Faso,Sanguié
Sapouy,11.5544444,-1.7736111,Burkina Faso,Ziro
Ruse,43.85369143,25.97333939,Bulgaria,Ruse
Sliven,42.67937034,26.33001013,Bulgaria,Sliven
Sofia,42.68334943,23.31665401,Bulgaria,Grad Sofiya
Turnovo,43.08624473,25.65552934,Bulgaria,Veliko Tarnovo
Kirundo,-2.5847222000000003,30.0972222,Burundi,Kirundo
Makamba,-4.133303903,29.79999964,Burundi,Makamba
Muramvya,-3.260997006,29.61199862,Burundi,Muramvya
Rutana,-3.93100195,29.99300455,Burundi,Rutana
Djougou,9.700427265,1.680041869,Benin,Donga
Puerto Heath,-12.49961302,-68.66656865,Bolivia,La Paz
Sorata,-15.79000649,-68.66005742,Bolivia,La Paz
Tupiza,-21.43958413,-65.72000431,Bolivia,Potosí
Viacha,-16.65000568,-68.2999502,Bolivia,La Paz
Villa Martin,-20.76655027,-67.78334090000001,Bolivia,Potosí
Aracaju,-10.90002073,-37.11996708,Brazil,Sergipe
Araxa,-19.5795943,-46.95001306,Brazil,Minas Gerais
Arcoverde,-8.420017071,-37.06999597,Brazil,Pernambuco
Camaqua,-30.83963051,-51.81000065,Brazil,Rio Grande do Sul
Campo Belo,-20.88959186,-45.27998579999999,Brazil,Minas Gerais
Canoas,-29.91999673,-51.17998743,Brazil,Rio Grande do Sul
Carazinho,-28.2900187,-52.80004358,Brazil,Rio Grande do Sul
Carpina,-7.840000795,-35.26000309,Brazil,Pernambuco
Conselheiro Lafaiete,-20.6700187,-43.78999923,Brazil,Minas Gerais
Coroata,-4.12958128,-44.15000309,Brazil,Maranhão
Curitiba,-25.420013,-49.3199976,Brazil,Paraná
Grajau,-5.809995505,-46.14998438,Brazil,Maranhão
Itaituba,-4.258617331,-55.92502079,Brazil,Pará
Itambe,-15.23960081,-40.62998539,Brazil,Bahia
Jaboatao,-8.110010153,-35.02004358,Brazil,Pernambuco
Jacareacanga,-6.2666084610000015,-57.65000594,Brazil,Pará
Jacundá,-4.599578431,-49.38996749,Brazil,Pará
Maceio,-9.619995505,-35.72997441,Brazil,Alagoas
Marilia,-22.21002806,-49.95001083,Brazil,São Paulo
Morrinhos,-17.73004311,-49.10998458,Brazil,Goiás
Novo Horizonte,-21.45958291,-49.2200037,Brazil,São Paulo
Palmas,-10.23773558,-48.28778670000001,Brazil,Tocantins
Parnaiba,-2.9100174780000003,-41.76996749,Brazil,Piauí
Pedreiras,-4.569606101000001,-44.67002303,Brazil,Maranhão
Pindamonhangaba,-22.91995888,-45.47002588,Brazil,São Paulo
Piracicaba,-22.70999754,-47.63999679,Brazil,São Paulo
Ponta Pora,-22.53000853,-55.7299681,Brazil,Mato Grosso do Sul
Porto Alegre,-30.05001463,-51.20001205,Brazil,Rio Grande do Sul
Porto Santana,-0.039598369,-51.17998743,Brazil,Amapá
Registro,-24.49004393,-47.83998458,Brazil,São Paulo
Rio de Janeiro,-22.92502317,-43.22502079,Brazil,Rio de Janeiro
Salgueiro,-8.059625632000001,-39.13002527,Brazil,Pernambuco
Salvador,-12.9699719,-38.47998743,Brazil,Bahia
Santa Cruz do Sul,-29.71003538,-52.44003972,Brazil,Rio Grande do Sul
Santa Ines,-3.659997539,-45.39003076,Brazil,Maranhão
Santa Maria da Vitoria,-13.38999795,-44.21002527,Brazil,Bahia
Santarem,-2.433250713,-54.69997929,Brazil,Pará
Sao Francisco do Sul,-48.59998987,-26.23960122,Brazil,Santa Catarina
Sao Jose de Ribamar,-2.549987774,-44.06998214,Brazil,Maranhão
Sao Jose dos Campos,-23.19999347,-45.87994918,Brazil,São Paulo
Sorocaba,-23.49000161,-47.46998132,Brazil,São Paulo
Teresina,-5.095000388,-42.7800092,Brazil,Piauí
Uba,-21.11960366,-42.95002466,Brazil,Minas Gerais
Vacaria,-28.49961831,-50.94000208,Brazil,Rio Grande do Sul
Vitoria da Conquista,-14.85001219,-40.83999841,Brazil,Bahia
Serowe,-22.39001707,26.71003861,Botswana,Central
Babruysk,53.12656211,29.19278113,Belarus,Mahilyow
Hrodna,53.67787213,23.83409013,Belarus,Hrodna
Lida,53.88847943,25.28464758,Belarus,Hrodna
Mahilyow,53.89850466,30.32465002,Belarus,Mahilyow
Minsk,53.89997744,27.56662716,Belarus,Minsk
El Cayo,17.15599807,-89.06100252,Belize,Cayo
Argentia,47.30043194,-53.98999679,Canada,Newfoundland and Labrador
Barrie,44.38376243,-79.7000037,Canada,Ontario
Brandon,49.83327476,-99.94998214,Canada,Manitoba
Cobalt,47.38370852,-79.68331222,Canada,Ontario
Cranbrook,49.51667910000001,-115.7666653,Canada,British Columbia
Deer Lake,52.61703249,-94.06659448,Canada,Ontario
Fort Severn,55.98333864,-87.64998356,Canada,Ontario
Fort Smith,60.00001853,-111.8833364,Canada,Alberta
Fort St. John,56.24998903,-120.8332811,Canada,British Columbia
Hinton,53.39998212,-117.5833503,Canada,Alberta
Inuvik,68.34997398,-133.6999893,Canada,Northwest Territories
Kangirsuk,60.02482322,-69.99909713,Canada,Québec
Kuujjuarapik,55.28149518,-77.76583236,Canada,Québec
Lethbridge,49.70049217,-112.8332784,Canada,Alberta
London,42.9699986,-81.24998661,Canada,Ontario
Meander River,59.03328168,-117.6829824,Canada,Alberta
Mont-Laurier,46.55037437,-75.50002751,Canada,Québec
Nain,56.54735147,-61.68604540000001,Canada,Newfoundland and Labrador
New Glasgow,45.58327578,-62.63331934,Canada,Nova Scotia
Norman Wells,65.28372703,-126.84996809999998,Canada,Northwest Territories
Owen Sound,44.56664532,-80.84998519,Canada,Ontario
Oxford House,54.95040428,-95.26659876,Canada,Manitoba
Pangnirtung,66.13331341,-65.75002832,Canada,Nunavut
Prince Albert,53.20002016,-105.7499899,Canada,Saskatchewan
Prince Rupert,54.31667035,-130.3299882,Canada,British Columbia
Shelburne,43.76560895,-65.31935694,Canada,Nova Scotia
Stettler,52.33296714,-112.6832876,Canada,Alberta
Uranium City,59.56655662,-108.61658490000002,Canada,Saskatchewan
Victoria,48.43328269,-123.3500009,Canada,British Columbia
Wetaskiwin,52.96657188,-113.3832966,Canada,Alberta
Aketi,2.740464497,-23.7799849,Congo (Kinshasa),Orientale
Basankusu,1.233708922,19.80002112,Congo (Kinshasa),Équateur
Bongandanga,1.510358703,21.05002234,Congo (Kinshasa),Équateur
Bukama,-9.20958128,25.8400142,Congo (Kinshasa),Katanga
Bukavu,-2.509990215,28.8400378,Congo (Kinshasa),Sud-Kivu
Bumba,2.189981302,22.45996212,Congo (Kinshasa),Équateur
Kambove,-10.86958331,26.60001949,Congo (Kinshasa),Katanga
Kaniama,23.20978473,-82.88068389,Congo (Kinshasa),Katanga
Luebo,-5.349506817,21.41000036,Congo (Kinshasa),Kasaï-Occidental
Manono,-7.300033753999998,27.44999345,Congo (Kinshasa),Katanga
Mushie,-3.01962319,16.92004187,Congo (Kinshasa),Bandundu
Tshikapa,-6.409958884,20.77003943,Congo (Kinshasa),Kasaï-Occidental
Mobaye,4.320000059,21.17999753,Central African Republic,Basse-Kotto
Nola,3.533697732,16.06660559,Central African Republic,Sangha-Mbaéré
Zemio,5.0336578560000005,25.13328731,Central African Republic,Haut-Mbomou
Moloundou,2.033737609,15.21668331,Congo (Brazzaville),Sangha
Ouesso,1.609990864,16.05001745,Congo (Brazzaville),Sangha
Aarau,47.39000410000001,8.03400361,Switzerland,Aargau
Appenzell,47.3333041,9.416700505,Switzerland,Appenzell Innerrhoden
Bern,46.91668276,7.466975462000001,Switzerland,Bern
Biel,47.16658999,7.2500377999999985,Switzerland,Bern
Geneva,46.21000755,6.140028034,Switzerland,Genève
Lugano,46.0003821,8.966677204,Switzerland,Ticino
Luzern,47.05042137,8.280000772000001,Switzerland,Lucerne
Seguela,7.950404886,-6.670016929,Ivory Coast,Worodougou
Calama,-22.45001341,-68.91998987,Chile,Antofagasta
Castro,-42.48076159,-73.76233415,Chile,Los Lagos
Cuya,-19.11667682,-70.13330082,Chile,Tarapacá
Los Angeles,-37.46000161,-72.35998661,Chile,Bío-Bío
Osorno,-40.56999266,-73.1600153,Chile,Los Lagos
Puerto Williams,-54.93330198,-67.61671025,Chile,Magallanes y Antártica Chilena
Quellon,-43.09960569,-73.59998845,Chile,Los Lagos
Quillota,-32.87997109,-71.26000208,Chile,Valparaíso
Santa Barbara,-37.67001463,-72.01998153,Chile,Bío-Bío
Santiago,-33.45001382,-70.66704085,Chile,Región Metropolitana de Santiago
Tierra Amarilla,-27.4800423,-70.27998438,Chile,Atacama
Villarica,-39.28004555,-72.22999455,Chile,La Araucanía
Edea,-10.11999182,-3.800477314,Cameroon,Littoral
Eyumojok,5.750358296,8.983317015,Cameroon,Sud-Ouest
Anshan,41.11502138,122.9400305,China,Liaoning
Baishan,41.90001223,126.4299983,China,Jilin
Baoji,34.38000612,107.1499865,China,Shaanxi
Bengbu,117.330037,32.94999005,China,Anhui
Boli,45.75636599,130.5759468,China,Heilongjiang
Chengde,40.96037966,117.9300004,China,Hebei
Chifeng,42.27001548,118.9499898,China,Nei Mongol
Dandong,40.14360781,124.3935852,China,Liaoning
Dezhou,37.45041302,116.3000223,China,Shandong
Gar,32.20039756,79.98332434,China,Xizang
Haikou,20.05000226,110.3200256,China,Hainan
Hami,42.82698407,93.51500484,China,Xinjiang Uygur
Hanggin Houqi,40.88469952,107.14001299999998,China,Nei Mongol
Hangzhou,30.24997398,120.1700187,China,Zhejiang
Hefei,117.2800142,31.85003135,China,Anhui
Heze,35.22998008,115.4500484,China,Shandong
Huanghua,38.37043439,117.330037,China,Hebei
Jiamusi,46.83002138,130.3500175,China,Heilongjiang
Jiaozuo,35.25000470000001,113.22000359999998,China,Henan
Jixi,45.29995974,130.97003130000002,China,Heilongjiang
Kashgar,75.9699259,39.47633588,China,Xinjiang Uygur
Keshan,48.02633079,125.8659501,China,Heilongjiang
Lhasa,29.64502382,91.10001013,China,Xizang
Liaoyang,41.27999839,123.1800158,China,Liaoning
Linjiang,41.83634686,126.9359623,China,Jilin
Linkou,45.28189882,130.25188390000002,China,Heilongjiang
Luzhou,28.87998008,105.380017,China,Sichuan
Maanshan,31.73040041,118.4800443,China,Anhui
Minxian,34.4361784,104.0305904,China,Gansu
Mishan,45.55038373,131.8800016,China,Heilongjiang
Mudangiang,44.57501691,129.5900122,China,Heilongjiang
Nagchu,31.48000226,92.05002966,China,Xizang
Ninde,26.68037274,119.5300577,China,Fujian
Ningbo,29.87997072,121.5500378,China,Zhejiang
Nyingchi,29.53329938,94.41670691,China,Xizang
Panzhihua,26.549993100000005,101.7300073,China,Sichuan
Puyang,35.70039064,114.9799996,China,Henan
Shache,-38.42614158,77.25000281,China,Xinjiang Uygur
Shashi,30.32002138,112.2299865,China,Hubei
Shulan,44.40910972,126.9487264,China,Jilin
Taian,36.19999839,117.1200756,China,Shandong
Tongchuan,35.07998924,109.0299751,China,Shaanxi
Tongling,30.95044802,117.7800354,China,Anhui
Tumen,42.9699986,129.8200756,China,Jilin
Urumqi,43.80501223,87.57500565,China,Xinjiang Uygur
Wafangdian,39.62591331,121.9959537,China,Liaoning
Xiamen,,,China,Fujian
Xiangfan,32.01999514,112.1300443,China,Hubei
Xiangtai,37.04997235,114.5000288,China,Hebei
Xiantao,30.3704059,113.4400419,China,Hubei
Xianyang,34.345555600000004,108.7147222,China,Shaanxi
Xigaze,29.25000917,88.88334957,China,Xizang
Yangjiang,21.85040916,111.9700024,China,Guangdong
Yining,43.90001935,81.35001094,China,Xinjiang Uygur
Yitulihe,50.65162274,121.5166548,China,Nei Mongol
Zhaoqing,23.05041343,112.4500248,China,Guangdong
Zhijiang,27.44094647,109.6780493,China,Hunan
Zhuhai,22.2769444,113.5677778,China,Guangdong
Zibo,36.79998761,118.049993,China,Shandong
Cienaga,11.01039899,-74.25000045,Colombia,Magdalena
Lorica,9.241850605,-75.81600305,Colombia,Córdoba
Mocoa,1.149993102,-76.62998438,Colombia,Putumayo
Villavicencio,4.153323994,-73.63499923,Colombia,Meta
Heredia,9.991997986,-84.12000251,Costa Rica,Heredia
La Cruz,11.07042116,-85.6300035,Costa Rica,Guanacaste
Puerto Limon,10.00002138,-83.03334029,Costa Rica,Limón
Artemisa,22.81339947,-82.76188399,Cuba,La Habana
Banes,20.96291811,-75.71859298,Cuba,Holguín
Manzanillo,20.34375694,-77.11664718,Cuba,Granma
Matanzas,23.04152508,-81.577486,Cuba,Matanzas
Nuevitas,77.26444177,21.5456474,Cuba,Camagüey
Placetas,22.31580711,-79.65548446,Cuba,Villa Clara
Sancti Spiritus,82.91785989,-1.61288708,Cuba,Sancti Spíritus
Santiago de Cuba,20.0250167,-75.82132573,Cuba,Santiago de Cuba
Hradec Kralove,50.20599617,15.81200153,Czech Republic,Královéhradecký
Olomouc,49.63003135,17.24999589,Czech Republic,Moravskoslezský
Pizen,49.74043805,13.36000077,Czech Republic,Karlovarský
Berlin,52.52181866,13.40154862,Germany,Berlin
Bielefeld,52.02998822,8.530011351,Germany,Nordrhein-Westfalen
Braunschweig,52.24997479,10.5000203,Germany,Niedersachsen
Coburg,50.26660748,10.96660681,Germany,Bayern
Cologne,50.93000368,6.9500044339999985,Germany,Nordrhein-Westfalen
Gottingen,51.52043276,9.920004027000001,Germany,Niedersachsen
Hamburg,53.55002464,9.999999144,Germany,Hamburg
Kassel,51.30000694,9.500029662000001,Germany,Hessen
Mainz,49.98247246,8.273219156,Germany,Rheinland-Pfalz
Mannheim,49.50037518,8.470015013,Germany,Baden-Württemberg
Münster,51.97040529,7.620041055,Germany,Nordrhein-Westfalen
Rosenheim,47.8503467,12.13330562,Germany,Bayern
Saarbrucken,49.25039044,6.970003212999999,Germany,Saarland
Wiesbaden,50.08039146,8.250028441,Germany,Hessen
Vejle,55.70900103,9.534996498,Denmark,Syddanmark
Roseau,15.30101564,-61.38701298,Dominica,Saint George
El Seibo,-18.76400114,-69.03500346,Dominican Republic,El Seybo
Nagua,19.37600108,-69.84700149,Dominican Republic,María Trinidad Sánchez
Sabaneta,19.50499807,-71.34498854,Dominican Republic,Santiago Rodríguez
San Cristobal,18.415998100000003,-70.10900052,Dominican Republic,San Cristóbal
Adrar,27.86999005,-0.289967083,Algeria,Adrar
Bechar,31.61110537,-2.230003704,Algeria,Béchar
Setif,36.18002545,5.399969847,Algeria,Sétif
Tebessa,35.41043418,8.120010537,Algeria,Tébessa
Tiarat,35.38043601,1.319960489,Algeria,Tiaret
Cayambe,0.050370299,-78.15999435,Ecuador,Pichincha
Esmeraldas,0.930419941,-79.6699797,Ecuador,Esmeraldas
Macara,-4.379591859,-79.94998845,Ecuador,Loja
Machala,-3.2600219530000003,-79.95998784,Ecuador,El Oro
Muisne,0.609974384,-80.02001001,Ecuador,Esmeraldas
Quito,0.0,0.0,Ecuador,Pichincha
Tallinn,59.43387738,24.72804073,Estonia,Harju
Bur Safaga,26.73372866,33.93331864,Egypt,Al Bahr al Ahmar
El Alamein,30.81707115,28.94995357,Egypt,Matruh
El Qasr,25.70043256,28.88329097,Egypt,Al Wadi at Jadid
El Tur,28.239389000000006,33.61479726,Egypt,Janub Sina'
Luxor,25.70001914,32.6500378,Egypt,Qina
Suez,30.00497601,32.54994055,Egypt,As Suways
Assab,13.01001853,42.72999101,Eritrea,Debubawi Keyih Bahri
Keren,15.68039817,38.44999385,Eritrea,Semenawi Keyih Bahri
Algeciras,5.466530363,36.12671215,Spain,Andalucía
Barcelona,41.38329958,2.183370319,Spain,Cataluña
Castello,39.97041424,-0.05000757,Spain,Comunidad Valenciana
Leon,42.57997072,-5.570006553,Spain,Castilla y León
Murcia,37.9799931,-1.12996749,Spain,Región de Murcia
Pamplona,42.82000775,-1.6499874280000002,Spain,Comunidad Foral de Navarra
Santander,43.3804645,-3.799985394,Spain,Cantabria
Arba Minch,6.040004699,37.54999711,Ethiopia,"Southern Nations, Nationalities and Peoples"
Hagere Hiywet,8.980393696,37.85003048,Ethiopia,Addis Ababa
Helsinki,60.17556337,24.93412634,Finland,Southern Finland
Kokkola,63.83329877,23.11666622,Finland,Western Finland
Lahti,60.99385968,25.66493445,Finland,Päijänne Tavastia
Lappeenranta,61.06705935,28.1833337,Finland,South Karelia
Grenoble,45.18038047,5.720001992,France,Rhône-Alpes
Lyon,45.77000856,4.830030475,France,Rhône-Alpes
Mulhouse,47.75040448,7.34998002,France,Alsace
Perpignan,42.69998924,-2.899967406,France,Languedoc-Roussillon
Troyes,48.34039431,-4.083357705,France,Champagne-Ardenne
Vichy,-46.117145,-3.416680052,France,Auvergne
Ebebiyin,2.152997996,11.33000156,Gabon,Wouleu-Ntem
Mayumba,-3.416601543,10.65003699,Gabon,Nyanga
Chester,53.20002016,-2.919987428,United Kingdom,Cheshire
Liverpool,53.41600181,-2.917997886,United Kingdom,Merseyside
Manchester,2.2479871030000003,53.50041526,United Kingdom,Manchester
Norwich,52.63036501,1.300013386,United Kingdom,Norfolk
Omagh,54.60001223,-7.300004315,United Kingdom,Omagh
Stoke,2.180006756,53.00036826,United Kingdom,Stoke-on-Trent
Swansea,51.6299868,-3.950002077,United Kingdom,Swansea
Sukhumi,43.02002138,41.02001786,Georgia,Abkhazia
Tasiusaq,73.36900226,-56.05981366,Greenland,
Brikama,13.28036379,-16.65994979,The Gambia,Banjul
Dalaba,10.65600001,-12.27200357,Guinea,Mamou
Kamsar,10.6854059,-14.60501062,Guinea,Boke
Kindia,10.06001772,-12.86997441,Guinea,Kindia
Koundara,12.4800031,-13.29599643,Guinea,Boke
Pita,11.0799991,-12.40100056,Guinea,Mamou
Siguiri,11.41709251,-9.166634563999999,Guinea,Kankan
Luba,3.449997026,8.550000525,Equatorial Guinea,Bioko Sur
Ioanina,39.66790041,20.85086137,Greece,Ipeiros
Iraklio,35.32501304,25.13049678,Greece,Kriti
Kalamata,37.03891359,22.11419511,Greece,Peloponnisos
Komatini,41.13330309,25.41670256,Greece,Anatoliki Makedonia kai Thraki
Lamia,38.89899915,22.43400358,Greece,Stereá Elláda
Sitia,35.20042116,26.09855139,Greece,Kriti
Volos,39.36995994,22.95000972,Greece,Thessalia
Antigua Guatemala,14.5666981,-90.73330161,Guatemala,Sacatepéquez
Chimaltenango,14.66199914,-90.8199985,Guatemala,Chimaltenango
Coban,15.46999758,-90.3799978,Guatemala,Alta Verapaz
Cuilapa,14.27900409,-90.2979985,Guatemala,Santa Rosa
Huehuetenango,15.32039431,-91.46998295,Guatemala,Huehuetenango
Fulacunda,11.77299899,-15.19499654,Guinea Bissau,Quinara
Bartica,6.410421365,-58.63002364,Guyana,Pomeroon-Supenaam
Corriverton,5.900039082,-57.16998356,Guyana,Mahaica-Berbice
Nueva Ocotepeque,14.43699912,-89.18199855,Honduras,Ocotepeque
Santa Rosa de Copan,14.76998863,-88.77999211,Honduras,Copán
Split,43.52040428,16.46999182,Croatia,Splitsko-Dalmatinska
Cap-Haitien,29.20391182,24.85701687,Haiti,Nord
Hinche,19.14300009,-72.00399559999998,Haiti,Centre
Eger,47.89500314,20.38300258,Hungary,Heves
Nyiregyhaza,47.96532676,21.71871537,Hungary,Szabolcs-Szatmár-Bereg
Szekesfehervar,47.19467613,18.40806474,Hungary,Fejér
Baubau,-5.469861227999999,122.6163293,Indonesia,Sulawesi Tenggara
Biak,-1.161493715,136.048481,Indonesia,Papua
Ende,-8.862315655,121.6489465,Indonesia,Nusa Tenggara Timur
Gorontalo,0.5499780470000001,123.07004840000002,Indonesia,Gorontalo
Kotabumi,-4.833310935,104.8999947,Indonesia,Lampung
Kuta,-8.715112508999999,115.1841208,Indonesia,Bali
Malang,-7.97999225,112.610015,Indonesia,Jawa Timur
Martapura,-3.413500957,114.83649409999998,Indonesia,Kalimantan Selatan
Mataram,-8.579542217,116.1350195,Indonesia,Nusa Tenggara Barat
Padang,-0.960007305,100.3600134,Indonesia,Sumatera Barat
Padangpanjang,-0.449599183,100.4166508,Indonesia,Sumatera Barat
Singaraja,-8.115199274,115.094398,Indonesia,Bali
Singkawang,-0.911980927,108.9654697,Indonesia,Kalimantan Barat
Tarutung,2.017071959,98.96666174,Indonesia,Sumatera Utara
Tebingtinggi,3.33037681,99.13001094,Indonesia,Sumatera Utara
Dublin,53.33306114,-6.248905682,Ireland,Dublin
Kilkenny,52.65454958,-7.252255291,Ireland,Kilkenny
Waterford,52.25829470000001,-7.111927939,Ireland,Kilkenny
Ambala,30.32002138,76.82000321,India,Haryana
Amravati,20.94997316,77.77002274,India,Maharashtra
Amritsar,31.63999249,74.86999304,India,Punjab
Aurangabad,24.7704118,84.38000688,India,Bihar
Bareilly,28.34538739,79.41999955,India,Uttar Pradesh
Belgaum,15.86501223,74.50500240000002,India,Karnataka
Bharatpur,27.25036379,77.50001339,India,Rajasthan
Bhatpara,22.85042564,88.52001257,India,West Bengal
Bhilwara,25.35042808,74.6350203,India,Rajasthan
Bhuj,23.25037539,69.80999182,India,Dadra and Nagar Haveli
Bilaspur,22.09042035,82.15998734,India,Chhattisgarh
Chirala,15.86041302,80.33999508,India,Andhra Pradesh
Dhanbad,23.80039349,86.41998572,India,Jharkhand
Etawah,26.78545677,79.01495968,India,Uttar Pradesh
Gorakhpur,26.75039431,83.38001623,India,Uttar Pradesh
Gulbarga,17.34996035,76.82000321,India,Karnataka
Gwalior,-26.2299868,78.18007523,India,Madhya Pradesh
Jodhpur,-73.01677283,26.29176597,India,Rajasthan
Kakinada,16.96747723,82.23750199,India,Andhra Pradesh
Karur,10.95037681,78.08333695,India,Tamil Nadu
Kumbakonam,10.98047833,79.40000077,India,Tamil Nadu
Latur,76.56999263,-18.40041302,India,Maharashtra
Nasik,20.00041872,73.77998205,India,Maharashtra
Navsari,20.85039268,72.92003454,India,Dadra and Nagar Haveli
Pali,25.79037539,73.32993201,India,Rajasthan
Patiala,76.38499101,30.32040895,India,Punjab
Pilibhit,28.63999473,79.81000159,India,Uttar Pradesh
Rampur,28.8153587,79.0249849,India,Uttar Pradesh
Ratlam,23.35039512,75.02998328,India,Madhya Pradesh
Rohtak,28.900004700000004,76.58001786,India,Haryana
Sagar,23.85039044,78.75001461,India,Madhya Pradesh
Sangli,16.86040367,74.57502397,India,Maharashtra
Shillong,25.57049217,91.8800142,India,Meghalaya
Tezpur,26.6337606,92.80000972,India,Assam
Vijayawada,-16.51995933,80.63000321,India,Andhra Pradesh
Warangal,18.00999758,79.57998979,India,Andhra Pradesh
An Najaf,32.00033225,44.33537105,Iraq,An-Najaf
An Nasiriyah,31.04294883,46.26755286,Iraq,Dhi-Qar
Az Aubayr,30.38916445,47.70798173,Iraq,Al-Basrah
Samarra,43.87500062,34.19399705,Iraq,Sala ad-Din
Amol,36.4713255,52.36330481,Iran,Mazandaran
Arak,41.78607752,-14.48636767,Iran,Markazi
Ardabil,38.25000246,48.30003861,Iran,Ardebil
Birjand,-59.21994055,32.88002016,Iran,South Khorasan
Chabahar,25.30040529,60.62993201,Iran,Sistan and Baluchestan
Kermanshah,34.38000612,47.06001094,Iran,Kermanshah
Khvoy,38.53039878,44.97000932,Iran,West Azarbaijan
Marv Dasht,-52.82146806,-29.80144838,Iran,Fars
Mashhad,36.27001996,59.5699967,Iran,Razavi Khorasan
Neyshabur,36.22002301,58.82001664,Iran,Razavi Khorasan
Rasht,37.29998293,49.62998328,Iran,Gilan
Sabzewar,36.22002301,57.63001176,Iran,Razavi Khorasan
Saveh,35.02182741,50.33143917,Iran,Markazi
Shiraz,29.62996014,52.57001054,Iran,Fars
Sirjan,-55.73002437,29.46996991,Iran,Kerman
Zabol,31.02145144,61.48145626,Iran,Sistan and Baluchestan
Keflavík,64.01664675,-22.56659184,Iceland,Suðurnes
Selfoss,63.93342185,-20.99694605,Iceland,Biskupstungnahreppur
Bergamo,45.70040041,9.669993448,Italy,Lombardia
Campobasso,41.56299912,14.65599656,Italy,Molise
Caserta,41.05996014,14.33735714,Italy,Campania
L'Aquila,42.35039817,13.39002478,Italy,Abruzzo
Naples,0.0,0.0,Italy,Campania
Ragusa,14.72999467,36.93003135,Italy,Sicily
Black River,18.03099607,-77.85199748,Jamaica,Saint Elizabeth
Port Antonio,18.15900314,-76.38000262,Jamaica,Portland
St. Ann's Bay,18.43263914,-77.19952454,Jamaica,Saint Ann
Al Karak,0.0,0.0,Jordan,Karak
Hakodate,41.79497988,140.73997759999997,Japan,Hokkaido
Kagoshima,31.58596478,130.561064,Japan,Kagoshima
Kawagoe,35.91769004,139.4910616,Japan,Saitama
Kitakyushu,33.87039899,130.8200146,Japan,Fukuoka
Kure,34.25097007,132.56559280000002,Japan,Hiroshima
Tokushima,34.06738955,134.5525,Japan,Tokushima
Toyama,36.69999371,137.23001090000002,Japan,Toyama
Yamagata,38.27049217,140.3200032,Japan,Yamagata
Kakamega,0.290407327,34.73001420000001,Kenya,Western
Lamu,-2.26204362,40.91966643,Kenya,Coast
Malindi,-3.209999167,40.10002234,Kenya,Coast
Meru,0.059982116,37.64001745,Kenya,Eastern
Nakuru,-0.279997132,36.06998409,Kenya,Rift Valley
Nyeri,-0.41699699,36.95100363,Kenya,Central
Sotik,-0.679559307,35.12001623,Kenya,Rift Valley
Thika,1.039589011,-37.09002519,Kenya,Central
Toktogul,41.88257143,72.93719112,Kyrgyzstan,Jalal-Abad
Phnum Tbeng Meanchey,13.816701,104.9667037,Cambodia,Preah Vihéar
Stoeng Treng,13.52300408,105.97400159999998,Cambodia,Stœng Trêng
Sariwon,38.50700411,125.7620047,North Korea,Hwanghae-bukto
Sin-Ni,39.48800415,125.4639966,North Korea,P'yongan-namdo
Ansan,37.34806785,126.8595328,South Korea,Gyeonggi-do
Mokpo,34.80680178,126.3958402,South Korea,Gwangju
Seoul,,,South Korea,Seoul
Sokcho,38.20871299,128.5911584,South Korea,Gangwon-do
Ulsan,35.54673077,129.31695390000002,South Korea,Ulsan
Algha,49.90316713,57.33499101,Kazakhstan,Aqtöbe
Almaty,0.0,0.0,Kazakhstan,Almaty
Aqsu,52.45019513,71.9597314,Kazakhstan,Aqmola
Balyqshy,47.06659609,51.86659094,Kazakhstan,Atyrau
Beyneu,45.18335187,55.10003699,Kazakhstan,Mangghystau
Chapaev,50.19149579,51.14492956,Kazakhstan,West Kazakhstan
Fort Shevchenko,44.51706179,50.26663692,Kazakhstan,Mangghystau
Qulan,42.92036338,72.70495723,Kazakhstan,Zhambyl
Shalqar,47.83629071,59.6140767,Kazakhstan,Aqtöbe
Shar,49.6003174,81.05493852,Kazakhstan,East Kazakhstan
Shu,43.59525759,73.74484208,Kazakhstan,Zhambyl
Zharkent,44.16155377,79.9801204,Kazakhstan,Almaty
Champasak,14.88330011,-105.86670359999998,Laos,Champasak
B'abda,33.83330406,35.53329652,Lebanon,Mount Lebanon
Batticaloa,7.717008279,81.70001542,Sri Lanka,Batticaloa
Colombo,-79.85775061,6.931965758,Sri Lanka,Colombo
Ratnapura,6.693003132,80.38600257,Sri Lanka,Ratnapura
Trincomalee,8.568999036000001,81.23300155,Sri Lanka,Trincomalee
Barclayville,4.799996997,-8.166698517999999,Liberia,GrandKru
Buchanan,5.916084614,-10.05247197,Liberia,Grand Bassa
Gbarnga,7.010410582,-9.489999839,Liberia,Bong
Greenville,5.011126932,9.038812907999999,Liberia,Sinoe
Kakata,6.525999009,-10.34900054,Liberia,Margibi
Butha-Buthe,-28.74999591,28.25000158,Lesotho,Leribe
Mafetang,-29.81664386,27.25000565,Lesotho,Mafeteng
Mohales Hoek,-30.15899991,27.47999751,Lesotho,Mohale's Hoek
Mokhotlong,-29.29100403,29.07800155,Lesotho,Mokhotlong
Banghazi,32.11673342,20.06672318,Libya,Benghazi
Dirj,30.1679118,10.45666378,Libya,Ghadamis
Surt,31.2099929,16.59003617,Libya,Surt
Agadir,30.43998822,-9.620043581000001,Morocco,Souss - Massa - Draâ
Lemsid,26.54818656,-13.84819219,Morocco,Laâyoune - Boujdour - Sakia El Hamra
Chisinau,47.00502362,28.85771114,Moldova,Chisinau
Antananarivo,-18.91663735,47.5166239,Madagascar,Antananarivo
Besalampy,-16.74953449,44.48332068,Madagascar,Mahajanga
Mananjary,-21.216652,48.33331824,Madagascar,Fianarantsoa
Marovoay,-16.09954832,46.63331864,Madagascar,Mahajanga
Morombe,-21.73913848,43.36567763,Madagascar,Toliary
Skopje,42.00000612,21.43346147,Macedonia,Centar
Bourem,16.90037539,-0.349989259,Mali,Gao
Kangaba,11.94041974,-8.440012249,Mali,Bamako
Koulikoro,12.88330792,-7.549989056,Mali,Bamako
Hakha,22.650003100000006,93.6167046,Myanmar,Chin
Mandalay,21.96998842,96.08502885,Myanmar,Mandalay
Mawlamyine,16.50042564,97.67004838,Myanmar,Mon
Taunggyi,20.78199907,97.03800065,Myanmar,Shan
Arvayheer,46.24997927,102.7665848,Mongolia,Övörhangay
Dzuunmod,47.71099805,106.9470006,Mongolia,Töv
Tsetserleg,47.47688112,101.4501794,Mongolia,Arhangay
Magta Lajar,17.00039512,-13.49998763,Mauritania,Brakna
Lilongwe,-13.98329507,33.78330196,Malawi,Lilongwe
Nkhata Bay,-11.59961627,34.30001461,Malawi,Nkhata Bay
Zomba,-15.39003091,35.31003048,Malawi,Zomba
Apatzingan,19.07998395,-102.3500165,Mexico,Michoacán
Campeche,19.82998985,-90.49999048,Mexico,Campeche
Cananea,30.99041974,-110.3000481,Mexico,Sonora
Celaya,20.53002464,-100.8000078,Mexico,Guanajuato
Chilpancingo,17.54997398,-99.50000959999998,Mexico,Guerrero
Ciudad Hidalgo,19.67997316,-100.569996,Mexico,Michoacán
Ciudad Madero,22.31890769,-97.836106,Mexico,Tamaulipas
Cuernavaca,18.92110476,-99.23999964,Mexico,Morelos
Guanajuato,21.02040814,-101.2799785,Mexico,Guanajuato
La Paz,-6.0170240999999995,0.94835983,Mexico,Baja California Sur
Leon,21.1499868,-101.7000304,Mexico,Guanajuato
Linares,24.86038047,-99.57003117,Mexico,Nuevo León
Los Mochis,25.78998781,-108.9999982,Mexico,Sinaloa
Mexico City,0.0,0.0,Mexico,Distrito Federal
Nautla,20.21658124,-96.78335372,Mexico,Veracruz
Navajoa,27.08189862,-109.4546216,Mexico,Sonora
Rio Verde,21.92999086,-99.98000615,Mexico,San Luis Potosí
Saltillo,25.41995872,-101.0049823,Mexico,Coahuila
Santiago Tuxtla,18.47038291,-95.29998173,Mexico,Veracruz
Tekax,20.1999931,-89.27998743,Mexico,Yucatán
Tenosique,,,Mexico,Tabasco
Teziutlan,19.82042971,-97.35998519,Mexico,Puebla
Villanueva,22.35001691,-102.88001,Mexico,Zacatecas
Alor Setar,6.113307718,100.3729325,Malaysia,Kedah
Batu Pahat,1.850363789,102.9333447,Malaysia,Johor
Kuching,1.529969909,110.3299991,Malaysia,Sarawak
Mocimboa,-11.31958169,40.34998124,Mozambique,Cabo Delgado
Nampula,-15.13604124,39.29304317,Mozambique,Nampula
Tete,-16.17003497,33.58000688,Mozambique,Tete
Agadez,-16.99587343,-7.98280961,Niger,Agadez
Gaya,11.88817486,3.446652383,Niger,Dosso
Tillaberi,14.21203819,1.4530789780000002,Niger,Niamey
Aba,5.100397968,7.34998002,Nigeria,Abia
Abeokuta,7.160427265,3.350017455,Nigeria,Ogun
Awka,6.210433572,7.06999711,Nigeria,Anambra
Bida,-9.080413431,-6.01001013,Nigeria,Niger
Biu,10.62042279,12.18999467,Nigeria,Borno
Gashua,12.87049217,11.03998734,Nigeria,Yobe
Gombe,10.29044293,11.16995357,Nigeria,Gombe
Ijebu Ode,6.820448017,3.920008503,Nigeria,Ogun
Jos,9.929973978,8.890041055,Nigeria,Plateau
Onitsha,6.779988972000001,6.140412007,Nigeria,Anambra
Opobo,4.570404479,7.559993041,Nigeria,Akwa Ibom
Sapele,5.890427265,5.680004434,Nigeria,Delta
Warri,5.519958922000001,5.759999551,Nigeria,Delta
Wukari,7.870409769,9.780012572,Nigeria,Taraba
Granada,-85.94998397,11.93372764,Nicaragua,Granada
Juigalpa,12.10999595,-85.37996708,Nicaragua,Chontales
Puerto Cabezas,-3.74385634,-13.22426068,Nicaragua,Atlántico Norte
San Juan de Nicaragua,10.92040448,-83.69999211,Nicaragua,Nicaragua
Rotterdam,-8.09872993,81.89382142,Netherlands,Zuid-Holland
Arendal,58.46475606,8.766000553,Norway,Aust-Agder
Namsos,64.48331077,11.50001094,Norway,Nord-Trøndelag
Sandnes,58.84541201,5.690029662000001,Norway,Rogaland
Tromsø,69.63507623,18.99202525,Norway,Troms
Bhimphedi,27.550998100000005,85.13000156,Nepal,Narayani
Ilam,26.90800207,87.92600453,Nepal,Mechi
Jumla,29.25000013,82.21670162,Nepal,Karnali
Nepalganj,28.0503408,81.61666134,Nepal,Banke
Blenheim,-41.52099404,173.9592419,New Zealand,Marlborough
Gisborne,-38.64478717,178.01522169999996,New Zealand,Gisborne
Palmerston North,-40.35269326,175.6072033,New Zealand,Manawatu-Wanganui
Queenstown,-45.02997882,168.66251090000003,New Zealand,Otago
Tauranga,-176.1536299,37.69642129,New Zealand,Bay of Plenty
Ibri,23.22538983,56.51695308,Oman,Al Dhahira
Mirbat,16.99243695,54.69179317,Oman,Dhofar
Muscat,23.61332481,58.59331213,Oman,Muscat
Suhar,24.36197335,56.73441896,Oman,Al Batnah
Panama City,8.96801719,-79.53303715,Panama,Panama
Chulucanas,-5.089574362,-80.17000086,Peru,Piura
Contamana,17.96718108,-174.14889945,Peru,Loreto
Desaguadero,-16.56458453,-69.04499516,Peru,Callao
Huanuco,-9.920028871,-76.24000818,Peru,Huánuco
Pativilca,-10.69961953,-77.79999048,Peru,Lima
Piura,-5.210032126000001,-80.62997278,Peru,Piura
Pucallpa,-8.368909079,-74.53499597,Peru,Ucayali
Putina,-15.47002602,-69.42998458,Peru,Callao
Salaverry,-8.220029278,-78.98999536,Peru,La Libertad
Tumbes,-3.5700288710000003,-80.45998316,Peru,Tumbes
Urubamba,-13.30421507,-72.11661646,Peru,Cusco
Abau,10.04260537,-148.56502969999997,Papua New Guinea,Central
Lae,-6.732988262,146.9900354,Papua New Guinea,Morobe
Mendi,-6.144393697999999,143.64522659999997,Papua New Guinea,Southern Highlands
Port Moresby,-9.464707826,147.19250359999995,Papua New Guinea,Central
Rabaul,-4.205490385,152.14343069999995,Papua New Guinea,East New Britain
Wabag,-5.490000005,143.71800369999997,Papua New Guinea,Enga
Baguio City,16.42999066,120.5699426,Philippines,Benguet
Cadiz,10.95874839,123.3085868,Philippines,Negros Occidental
General Santos,125.1747261,6.110827249,Philippines,South Cotabato
Manila,14.60415895,120.9822172,Philippines,Metropolitan Manila
Ozamis,8.146206888,123.8444197,Philippines,Misamis Occidental
Surigao,9.784298115,125.4888155,Philippines,Dinagat Islands
Abbottabad,34.1495034,73.19950069,Pakistan,N.W.F.P.
Faisalabad,31.40998069,73.10999711,Pakistan,Punjab
Quetta,30.22000165,67.02499385,Pakistan,Baluchistan
Rawalpindi,33.59997622,73.04002722,Pakistan,Punjab
Sheikhu Pura,31.71998761,73.98999508,Pakistan,Punjab
Wroclaw,51.11043194,17.03000932,Poland,Lower Silesian
Ramallah,31.90294475,35.20620938,Palestine,
Aveiro,40.64100311,-8.650997534,Portugal,Aveiro
Castelo Branco,0.0,0.0,Portugal,Castelo Branco
Lisbon,38.72272288,-9.144866305,Portugal,Lisboa
Santarem,39.23100008,-8.682002552,Portugal,Santarém
Fuerte Olimpo,-21.06958087,-57.89999068,Paraguay,Alto Paraguay
Horqueta,-23.33962319,57.05001673,Paraguay,Concepción
Nacunday,-26.02002806,-54.76994918,Paraguay,Alto Paraná
Paraguari,-25.62000079,-57.16001001,Paraguay,Paraguarí
Pilar,-26.86948525,-58.29999211,Paraguay,Ñeembucú
Doha,25.28655601,51.53296789,Qatar,Ad Dawhah
Galati,45.45589337,28.04587439,Romania,Galati
Sibiu,45.79711285,24.13712073,Romania,Sibiu
Belgrade,20.46799068,-44.81864545,Serbia,Grad Beograd
Abaza,52.66901898,90.09536861,Russia,Khakass
Aginskoye,51.10306805,114.5228182,Russia,Aga Buryat
Alekseyevka,50.65348309,38.69307979,Russia,Belgorod
Amderma,69.76301434,61.66769812,Russia,Nenets
Amursk,50.22283754,136.8974214,Russia,Khabarovsk
Artemovsk,54.34873557,93.43552649,Russia,Krasnoyarsk
Artemovskiy,57.36519228,61.86975297,Russia,Sverdlovsk
Arzamas,0.0,0.0,Russia,Nizhegorod
Bagdarin,54.43330406,113.6000321,Russia,Buryat
Balakovo,52.02998822,47.80001745,Russia,Saratov
Barnaul,-53.35499778,83.74500688,Russia,Altay
Borzya,50.38856386,116.51856200000002,Russia,Chita
Cheremkhovo,53.15880821,103.0738529,Russia,Irkutsk
Cherepanovo,14.91037448,-24.12598717,Russia,Novosibirsk
Chusovoy,58.2934302,57.81304968,Russia,Perm'
Evensk,61.94997703,159.2333191,Russia,Maga Buryatdan
Iskitim,54.65093935,83.28653357,Russia,Novosibirsk
Izhevsk,56.85002993,53.23002193,Russia,Udmurt
Karasuk,53.72730064,78.02189368,Russia,Novosibirsk
Kem,64.95359214,34.56837032,Russia,Karelia
Khandyga,62.66600568,135.6000329,Russia,Sakha (Yakutia)
Khorgo,73.48330406,113.6300044,Russia,Sakha (Yakutia)
Kolomna,55.07998293,38.78496049,Russia,Moskovsskaya
Kolpino,59.73000917,30.65000484,Russia,City of St. Petersburg
Kovda,66.690282,32.87023108,Russia,Murmansk
Kovrov,56.36036989,41.33002478,Russia,Vladimir
Kulunda,52.58266766,78.94726355,Russia,Altay
Kumertau,52.7747748,55.7843363,Russia,Bashkortostan
Kursk,51.73998008,36.19002844,Russia,Kursk
Matochkin Shar,73.26999163,56.44969682,Russia,Arkhangel'sk
Mednogorsk,51.41912111,57.57874874,Russia,Orenburg
Natara,68.41061627,123.9255,Russia,Sakha (Yakutia)
Nazran,43.23300312,44.78300151,Russia,Ingush
Nerchinsk,52.00895591,116.548586,Russia,Chita
Nizhneyansk,136.0666194,-71.43332583,Russia,Sakha (Yakutia)
Nogliki,51.83328188,143.16670280000002,Russia,Sakhalin
Norilsk,-23.44686611,87.93781565,Russia,Taymyr
Okha,53.57389915,142.9478531,Russia,Sakhalin
Okhotsk,-59.38300193,143.2170357,Russia,Khabarovsk
Partizansk,43.13487225,133.1349121,Russia,Primor'ye
Penza,44.99998165,53.18002138,Russia,Penza
Perm,57.99995974,56.24999263,Russia,Perm'
Petrozavodsk,61.84998313,34.28001583,Russia,Karelia
Pyatigorsk,44.07995668,43.09002071,Russia,Stavropol'
Rostov,-47.23464785,39.71265579999999,Russia,Rostov
Saratov,51.57998985,46.0299963,Russia,Saratov
Serdobsk,0.0,0.0,Russia,Penza
Sergiyev Posad,56.33000999,38.17001094,Russia,Moskovsskaya
Shakhty,47.72038047,40.2700378,Russia,Rostov
Sharya,58.37975568,45.50935624,Russia,Kostroma
Skovorodino,53.98330568,123.9166634,Russia,Amur
Smolensk,54.78268841,32.04733557,Russia,Smolensk
Stavropol,45.05000083,41.98001094,Russia,Stavropol'
Taganrog,47.22999697,38.91999101,Russia,Rostov
Tavda,-65.25827999,-58.05365155,Russia,Sverdlovsk
Tikhvin,-59.64484641,33.51437781,Russia,Leningrad
Timashevsk,45.62474611,38.94438228,Russia,Krasnodar
Tobolsk,58.19979250000001,68.26481482,Russia,Tyumen'
Trofimovsk,72.59968874,127.0336824,Russia,Sakha (Yakutia)
Tuapse,44.11476076,39.06437496,Russia,Krasnodar
Ust Nera,64.56658734,143.1999825,Russia,Sakha (Yakutia)
Ust Olensk,72.99778302,119.7729295,Russia,Sakha (Yakutia)
Uzhur,55.32916669,89.82070837,Russia,Krasnoyarsk
Verkhnevilyuysk,63.44569969,120.3167281,Russia,Sakha (Yakutia)
Vichuga,-17.73846304,-150.26452065,Russia,Ivanovo
Vitim,59.45149904,112.5578218,Russia,Sakha (Yakutia)
Yelets,52.58000633,38.50001664,Russia,Lipetsk
Yoshkar Ola,56.63539187,47.87494828,Russia,Mariy-El
Zeya,53.75001243,127.2665881,Russia,Amur
Zhilinda,70.13368939,114.0000077,Russia,Sakha (Yakutia)
Ruhengeri,-1.499612611,29.63001542,Rwanda,Northern
Al Wajh,26.23241559,36.4635518,Saudi Arabia,Tabuk
Qal at Bishah,20.00868695,42.59868119,Saudi Arabia,`Asir
Sakakah,29.99999706,40.13330454,Saudi Arabia,Al Jawf
Gizo,-8.09962319,156.8350158,Solomon Islands,Choiseul
Victoria,-4.616631654,-55.44998979,Seychelles,
Ed Dueim,13.99039797,32.29998165,Sudan,White Nile
Tokar,18.43333091,37.73329342,Sudan,Red Sea
Bollnäs,61.35200319,16.36658728,Sweden,Gävleborg
Göteborg,-57.75000083,-12.0000321,Sweden,Västra Götaland
Kristianstad,56.03367149,14.1332869,Sweden,Skåne
Linköping,58.41001223,15.62993974,Sweden,Östergötland
Luleå,65.59663477,22.15837833,Sweden,Norrbotten
Uppsala,59.86005292,17.63999792,Sweden,Uppsala
Östersund,63.18331260000001,14.64999955,Sweden,Jämtland
Maribor,46.54047833,15.65004187,Slovenia,Maribor
Longyearbyen,78.21668439,15.549996300000002,Svalbard and Jan Mayen Islands,Svalbard
Kosice,48.73044802,21.25001013,Slovakia,Košický
Bo,7.970016092000001,-11.74001754,Sierra Leone,Southern
Kedougou,12.56043357,-12.17999068,Senegal,Tambacounda
Bandarbeyla,9.483308735,50.81668087,Somalia,Bari
Kismaayo,-0.35663328200000005,42.51832434,Somalia,Jubbada Hoose
Mogadishu,2.066681334,45.36667761,Somalia,Banaadir
Nieuw Amsterdam,5.909986795,-55.07000838,Suriname,Commewijne
Gogrial,-8.533728454,28.1166711,South Sudan,Warap
Nasir,8.600391051,33.06660152,South Sudan,Upper Nile
Rumbek,6.800009987999999,29.68329382,South Sudan,Lakes
Santo Antonio,1.645002051,7.412004483,Sao Tome and Principe,
Santa Ana,13.9946096,-89.55976363,El Salvador,Santa Ana
Tartus,34.88463448,35.88658405,Syria,Tartus
Golela,-27.29617755,31.90000606,Swaziland,Shiselweni
Biltine,14.53325889,20.91669714,Chad,Wadi Fira
Lai,9.395001123,16.30500349,Chad,Tandjilé
Ndjamena,15.04914831,12.11309654,Chad,Hadjer-Lamis
Bassar,9.261000068,0.7890035740000001,Togo,Kara
Mango,10.35956016,-0.470813353,Togo,Savanes
Chainat,15.17900402,100.1259997,Thailand,Chai Nat
Kalasin,16.42799707,103.5090007,Thailand,Kalasin
Kamphaeng Phet,16.47299704,99.52900267,Thailand,Kamphaeng Phet
Loei,17.49188967,101.7315059,Thailand,Loei
Nan,18.78684938,100.7714611,Thailand,Nan
Pattani,6.864003023,101.2500006,Thailand,Pattani
Sakhon Nakhon,17.16790428,104.1478959,Thailand,Sakon Nakhon
Samut Prakan,13.60690716,100.6114709,Thailand,Samut Prakan
Supham Buri,14.47100105,100.1289966,Thailand,Suphan Buri
Uroteppa,0.0,0.0,Tajikistan,Leninabad
Ben Gardane,33.14039187,11.22002803,Tunisia,Médenine
Dehibat,32.01704958,10.7000081,Tunisia,Tataouine
L'Ariana,36.86667315,10.19999755,Tunisia,Manubah
Mahdia,35.48391304,11.04087662,Tunisia,Mahdia
Nabeul,36.46034426,10.7300321,Tunisia,Nabeul
Antalya,36.88998212,30.69997595,Turkey,Antalya
Denizli,37.77039349,29.08002315,Turkey,Denizli
Giresun,40.91300115,38.39000452,Turkey,Giresun
Karaman,37.18154055,33.21501623,Turkey,Karaman
Nigde,37.97600412,34.69400163,Turkey,Nigde
Polatli,39.58415875,32.14722611,Turkey,Ankara
Sinop,42.02299802,35.1530015,Turkey,Sinop
Funafuti,-8.516651999,179.2166471,Tuvalu,
Puzi,23.46111111,120.2419444,Taiwan,Chiayi
Tainan,23.00000307,120.2000427,Taiwan,Tainan City
Dar es Salaam,-6.800012595,-39.26834184,Tanzania,Dar-Es-Salaam
Iringa,-7.7696174939999985,35.69000728,Tanzania,Iringa
Itigi,-5.6996146460000014,34.48000362,Tanzania,Singida
Lindi,-10.00002399,39.69999508,Tanzania,Lindi
Mbulu,-3.849598369,35.53001705,Tanzania,Arusha
Moshi,-3.339603659,37.33998409,Tanzania,Kilimanjaro
Mpanda,-6.359574362,31.0500321,Tanzania,Rukwa
Oldeani,35.55001583,-3.349628887,Tanzania,Arusha
Same,-4.069584942,37.72001257,Tanzania,Kilimanjaro
Songea,-10.68003416,35.65000972,Tanzania,Ruvuma
Tunduru,-11.08956989,37.3700081,Tanzania,Ruvuma
Uvinza,-5.119598369,30.39002071,Tanzania,Kigoma
Cherkasy,49.43472028,32.07090002,Ukraine,Cherkasy
Dnipropetrovsk,48.47997235,35.00002356,Ukraine,Dnipropetrovs'k
Ivano-Frankivsk,48.93475079,24.70938554,Ukraine,Ivano-Frankivs'k
Korosten,50.95041587,28.65002356,Ukraine,Zhytomyr
Kovel,51.21706626,24.71662024,Ukraine,Volyn
Kryvyy Rih,47.92832644,-33.34498246,Ukraine,Dnipropetrovs'k
Rivne,50.61658612,26.25280554,Ukraine,Rivne
Arua,3.020369892,30.90001542,Uganda,Arua Municipality
Gulu,2.779996967,32.28003454,Uganda,Aswa
Kumi,1.4608333,33.936111100000005,Uganda,Kumi
Lira,2.260390441,32.89002315,Uganda,Lira
Mbale,1.090410175,34.1699967,Uganda,Bungokho
Soroti,1.710398172,33.60000565,Uganda,Soroti
Albuquerque,35.10497479,-106.6413308,United States of America,New Mexico
Alexandria,31.31109784,-92.44501388,United States of America,Louisiana
Anchorage,61.21996991,-149.9002149,United States of America,Alaska
Bay City,43.5944566,-83.88889531,United States of America,Michigan
Beaver Falls,40.75194277,-80.31942326,United States of America,Pennsylvania
Belleville,38.52515362,-90.0002277,United States of America,Illinois
Boston,42.32996014,-71.07001367,United States of America,Massachusetts
Brunswick,31.1496865,-81.49165145,United States of America,Georgia
Burlington,40.80793418,-91.11276961,United States of America,Iowa
Canton,40.79886497,-81.37863509,United States of America,Ohio
Charleston,32.79237693,-79.99210474,United States of America,South Carolina
Charlottesville,38.02918907,-78.47692591,United States of America,Virginia
Chignik,56.295671,-158.4022282,United States of America,Alaska
Clarksburg,39.28327272,-80.33691573,United States of America,West Virginia
Cody,109.0571007,-44.52321128,United States of America,Wyoming
Conway,35.09128054,-92.4513184,United States of America,Arkansas
Craig,40.51728009,-107.5503968,United States of America,Colorado
Des Moines,41.57998008,-93.61998092,United States of America,Iowa
Dillingham,-37.81232252,16.62903511,United States of America,Alaska
Dothan,31.22345461,-85.39058659,United States of America,Alabama
Dover,39.15808657,-75.524703,United States of America,Delaware
Dublin,32.53745709,-82.91828272,United States of America,Georgia
Durham,35.99995892,-78.91999964,United States of America,North Carolina
Elkhart,41.68294537,-85.96879419,United States of America,Indiana
Ely,39.24702171,-114.887675,United States of America,Nevada
Everett,47.9604175,-122.19996770000002,United States of America,Washington
Fayetteville,36.06297833,-94.15720911,United States of America,Arkansas
Fort Collins,40.56068829,-105.0588693,United States of America,Colorado
Fort Lauderdale,26.13606488,-80.14178552,United States of America,Florida
Galesburg,40.94777061,-90.37108362,United States of America,Illinois
Gillette,44.28317425,-105.5052503,United States of America,Wyoming
Goodland,39.34848838,-101.7110374,United States of America,Kansas
Hampton,37.03002525,-76.34994979,United States of America,Virginia
Hobbs,32.71261436,-103.1406143,United States of America,New Mexico
Hoonah,58.11540489,-135.438617,United States of America,Alaska
Hughes,66.04918418,-154.2549878,United States of America,Alaska
Hydaburg,-55.21397992,132.8006385,United States of America,Alaska
Iowa City,41.66108624,-91.52997929,United States of America,Iowa
Ithaca,42.44057355,-76.4969434,United States of America,New York
Jackson,32.29881533,-90.18499679,United States of America,Mississippi
Joplin,37.08459556,-94.51307886,United States of America,Missouri
Juneau,58.31412661,-134.419997,United States of America,Alaska
Kennewick,46.21137697,-119.1360979,United States of America,Washington
King Salmon,58.68870323,-156.6613784,United States of America,Alaska
Kingsville,27.51595481,-97.8558464,United States of America,Texas
Klamath Falls,42.22500531,-121.78053590000002,United States of America,Oregon
Lamar,38.08649823,-102.6194058,United States of America,Colorado
Laredo,27.50613629,-99.50721847,United States of America,Texas
Las Cruces,32.31261293,-106.7778083,United States of America,New Mexico
Lima,40.74287355,-84.10526453,United States of America,Ohio
Long Beach,33.78696739,-118.1580439,United States of America,California
Los Alamos,35.89110252,-106.2977084,United States of America,New Mexico
Lowell,42.63368837,-71.31669112,United States of America,Massachusetts
Madison,43.07301556,-89.40111699,United States of America,Wisconsin
Mansfield,40.75832481,-82.51554244,United States of America,Ohio
Marietta,33.95561342,-84.54324813,United States of America,Georgia
Marinette,45.10038535,-87.63047571,United States of America,Wisconsin
Mason City,43.15401837,-93.20083338,United States of America,Iowa
Meridian,32.36418601,-88.70361434,United States of America,Mississippi
Metairie,29.98386619,-90.15277653,United States of America,Louisiana
Miami,25.7876107,-80.22410608,United States of America,Florida
Mobridge,45.54012596,-100.4347071,United States of America,South Dakota
Montpelier,44.25997154,-72.57581323,United States of America,Vermont
Nacogdoches,31.60374147,-94.65526656,United States of America,Texas
New Bedford,41.6561253,-70.94469833,United States of America,Massachusetts
New Braunfels,29.6978113,-98.12632084,United States of America,Texas
Norman,35.22791302,-97.34414636,United States of America,Oklahoma
Paso Robles,35.6265967,-120.68998229999998,United States of America,California
Pensacola,30.42112632,-87.21693506,United States of America,Florida
Peoria,-89.67004114,40.69998212,United States of America,Illinois
Pierre,44.36833701,-100.350552,United States of America,South Dakota
Pilot Point,57.56455996,-157.56912659999998,United States of America,Alaska
Ponca City,-20.32603865,75.59762197,United States of America,Oklahoma
Poughkeepsie,41.70023114,-73.92141585,United States of America,New York
Richmond,-84.89028121,39.82889833,United States of America,Indiana
Rochester,44.02205324,-92.46968937,United States of America,Minnesota
Sacramento,38.57502138,-121.4700381,United States of America,California
Sanford,28.78995974,-81.27998478,United States of America,Florida
Santa Cruz,-29.84266838,-0.83929129,United States of America,California
Sault Ste. Marie,46.49526145,-84.34527572,United States of America,Michigan
Seattle,47.57000205,-122.339985,United States of America,Washington
Sheboygan,43.75082949,-87.71442407,United States of America,Wisconsin
Sitka,57.06039769,-135.32754939999998,United States of America,Alaska
Spokane,47.66999595,-117.4199494,United States of America,Washington
St. Paul,-44.94398663,93.08497481,United States of America,Minnesota
Sumter,33.92065432,-80.34172164,United States of America,South Carolina
Talkeetna,62.3237785,-150.10942690000005,United States of America,Alaska
Tallahassee,30.44998761,-84.28003422,United States of America,Florida
Tonopah,38.06699038,-117.2289791,United States of America,Nevada
Tucson,32.20499676,-110.8899862,United States of America,Arizona
Tucumcari,35.16980288,-103.725514,United States of America,New Mexico
Tupelo,34.25792055,-88.70333012,United States of America,Mississippi
Utica,43.10117922,-75.23306706,United States of America,New York
Van Horn,31.04248374,-104.8322423,United States of America,Texas
Vernon,34.15105369,-99.29038416,United States of America,Texas
Waycross,31.21381695,-82.35490625,United States of America,Georgia
West Bend,43.42570721,-88.18333602,United States of America,Wisconsin
Yankton,42.88201947,-97.39248967,United States of America,South Dakota
Youngstown,-80.64973902,-41.09969932,United States of America,Ohio
Carmelo,-33.98961912,-58.29999211,Uruguay,Colonia
Colonia del Sacramento,-34.47999901,-57.84000247,Uruguay,Colonia
Melo,-32.35948606,-54.17998519,Uruguay,Cerro Largo
Chimboy,42.93113792,59.77075964,Uzbekistan,Karakalpakstan
Chirchiq,41.45497479,69.55998124,Uzbekistan,Tashkent
Khujayli,42.4047101,59.45165767,Uzbekistan,Karakalpakstan
Navoi,40.1104057,65.35496659,Uzbekistan,Navoi
Olmaliq,40.85043805,-69.59501786,Uzbekistan,Tashkent
Samarqand,39.67001914,66.94499874,Uzbekistan,Samarkand
Urgentch,41.5599813,60.64000891,Uzbekistan,Khorezm
Altagracia de Orituco,9.85041811,-66.37998987,Venezuela,Guárico
Barcelona,10.13037518,-64.72001367,Venezuela,Anzoátegui
Cumana,10.44999392,-64.18002079,Venezuela,Sucre
El Tigre,8.890347513,-64.26001591,Venezuela,Anzoátegui
Ocumare del Tuy,10.11998822,-66.77999129,Venezuela,Miranda
Puerto Ayacucho,5.663903624,-67.62360905,Venezuela,Amazonas
San Fernando de Apure,7.899994526,-67.46994918,Venezuela,Apure
Christiansted,17.75037518,-64.74998599999999,United States Virgin Islands,
Cam Pha,21.04043276,107.320002,Vietnam,Quảng Ninh 
Cao Lanh,10.46700013,105.6359976,Vietnam,Đồng Tháp 
Da Nang,16.06003908,108.2499711,Vietnam,Da Nang
Dong Hoi,17.48333722,106.6000459,Vietnam,Quảng Bình 
Luan Chau,21.74000399,103.3430047,Vietnam,Điện Biên
Play Ku,13.98329246,108.0000122,Vietnam,Gia Lai
Qui Nhon,13.77997154,109.1800435,Vietnam,Bình Định 
Tay Ninh,11.32299911,106.1469997,Vietnam,Tây Ninh
Vinh,105.6799987,-18.6999813,Vietnam,Nghệ An 
Sayhut,15.21050437,51.24544023,Yemen,Al Mahrah
Brandfort,-28.69955442,26.47000159,South Africa,Orange Free State
George,-33.95003497,22.45004024,South Africa,Western Cape
Knysna,-34.03292397,23.03331213,South Africa,Western Cape
Komatipoort,-25.40957436,31.94000362,South Africa,Mpumalanga
Kuruman,-27.4495532,23.42000688,South Africa,Northern Cape
Mossel Bay,-34.17002155,22.1300081,South Africa,Western Cape
Port Alfred,-33.59951373,26.8800024,South Africa,Eastern Cape
Port Shepstone,0.0,0.0,South Africa,KwaZulu-Natal
Prieska,-29.65954751,22.73002315,South Africa,Northern Cape
Rustenburg,-25.6500248,27.2400321,South Africa,North West
Uitenhage,-33.75960732,25.39001583,South Africa,Eastern Cape
Worcester,-33.64002806,19.43993974,South Africa,Western Cape
Choma,-16.80947915,26.97002274,Zambia,Southern
Kabwe,-14.44001137,28.44998409,Zambia,Central
Kitwe,-12.81003335,28.22002397,Zambia,Copperbelt
Mansa,-11.20000242,28.89000891,Zambia,Luapula
Mazabuka,-15.86002806,27.76000036,Zambia,Southern
Mbala,-8.840043112,31.37001257,Zambia,Northern
Mufulira,-12.54999754,28.25996985,Zambia,Copperbelt
Mwinilunga,-11.73955605,24.4399963,Zambia,North-Western
Ndola,12.99994424,28.65002356,Zambia,Copperbelt
Sesheke,-17.46954222,24.30000484,Zambia,Western
Gwanda,-20.93961465,29.01000159,Zimbabwe,Matabeleland South
Harare,-17.81778969,31.04470943,Zimbabwe,Harare
Mazowe,-17.51961668,30.97003699,Zimbabwe,Mashonaland Central
Mutare,-18.97001911,32.6500378,Zimbabwe,Manicaland
Zvishavane,-20.32957436,30.04998979,Zimbabwe,Midlands
Cuangar,-17.60953367,18.61998979,Namibia,Kavango
Kyrenia,,,Northern Cyprus,
Laascaanood,8.43329714,47.31669964,Somaliland,
Opuwo,-18.05958372,13.82002437,Namibia,Kunene
Swakopmund,-22.668863100000006,14.53501949,Namibia,Erongo
Walvis Bay,-22.95752765,14.50530554,Namibia,Erongo
Windhoek,-22.57000608,17.0835461,Namibia,Khomas
